{"breast-cancer-wisconsin.csv": {"Logistic Regression": {"RMSE of Baseline Logistic Regression for 3 fold validation": 0.3926671027234785, "RMSE of Baseline Logistic Regression for 5 fold validation": 0.38333959115872485, "RMSE of Baseline Logistic Regression for 7 fold validation": 0.3625025032841634, "RMSE of Baseline Logistic Regression for 10 fold validation": 0.32884636336719775}}, "chronic_kidney_disease_discrete.csv": {"Logistic Regression": {"RMSE of Baseline Logistic Regression for 3 fold validation": 0.0696268137695724, "RMSE of Baseline Logistic Regression for 5 fold validation": 0.07634413615167959, "RMSE of Baseline Logistic Regression for 7 fold validation": 0.06460337624704966, "RMSE of Baseline Logistic Regression for 10 fold validation": 0.04743416490252569}}, "cleveland_discrete.csv": {"Logistic Regression": {"RMSE of Baseline Logistic Regression for 3 fold validation": 0.4217225208040518, "RMSE of Baseline Logistic Regression for 5 fold validation": 0.4095916642477298, "RMSE of Baseline Logistic Regression for 7 fold validation": 0.4033875504582367, "RMSE of Baseline Logistic Regression for 10 fold validation": 0.4100981393987393}}, "dermatology_discrete.csv": {"Logistic Regression": {"RMSE of Baseline Logistic Regression for 3 fold validation": 0.2825645109029507, "RMSE of Baseline Logistic Regression for 5 fold validation": 0.29595714487003716, "RMSE of Baseline Logistic Regression for 7 fold validation": 0.3253274434364661, "RMSE of Baseline Logistic Regression for 10 fold validation": 0.23846866958943574}}, "HCV_discrete.csv": {"Logistic Regression": {"RMSE of Baseline Logistic Regression for 3 fold validation": 1.6038601075018508, "RMSE of Baseline Logistic Regression for 5 fold validation": 1.5629592647110218, "RMSE of Baseline Logistic Regression for 7 fold validation": 1.5862116922131364, "RMSE of Baseline Logistic Regression for 10 fold validation": 1.6093419649423466}}}